{"stats":{"minecraft:dropped":{"minecraft:spruce_trapdoor":1,"minecraft:bone":2},"minecraft:used":{"minecraft:apple":5,"minecraft:sand":1,"minecraft:wither_skeleton_skull":1,"minecraft:white_bed":1,"minecraft:yellow_bed":4},"minecraft:picked_up":{"minecraft:bone":2,"minecraft:oak_log":1,"minecraft:white_bed":1,"minecraft:yellow_bed":5},"minecraft:mined":{"minecraft:grass":1,"minecraft:oak_log":2,"minecraft:white_bed":1,"minecraft:dandelion":1,"minecraft:oak_leaves":2,"minecraft:yellow_bed":5},"minecraft:custom":{"minecraft:time_since_rest":13124,"minecraft:open_chest":2,"minecraft:crouch_one_cm":5524,"minecraft:sprint_one_cm":70280,"minecraft:play_time":92422,"minecraft:damage_taken":310,"minecraft:walk_one_cm":14425,"minecraft:walk_under_water_one_cm":234,"minecraft:sneak_time":2444,"minecraft:drop":2,"minecraft:jump":575,"minecraft:damage_dealt":126,"minecraft:leave_game":1,"minecraft:walk_on_water_one_cm":2443,"minecraft:time_since_death":92422,"minecraft:sleep_in_bed":2,"minecraft:climb_one_cm":1369,"minecraft:total_world_time":92422,"minecraft:swim_one_cm":38169,"minecraft:fly_one_cm":449708,"minecraft:fall_one_cm":5623}},"DataVersion":3337}