{"stats":{"minecraft:dropped":{"minecraft:spruce_trapdoor":1,"minecraft:bone":2},"minecraft:used":{"minecraft:apple":3,"minecraft:sand":1,"minecraft:wither_skeleton_skull":1,"minecraft:white_bed":1,"minecraft:yellow_bed":4},"minecraft:picked_up":{"minecraft:bone":2,"minecraft:white_bed":1,"minecraft:yellow_bed":5},"minecraft:mined":{"minecraft:white_bed":1,"minecraft:yellow_bed":5},"minecraft:custom":{"minecraft:time_since_rest":1126,"minecraft:open_chest":2,"minecraft:crouch_one_cm":5353,"minecraft:sprint_one_cm":50541,"minecraft:play_time":80424,"minecraft:damage_taken":70,"minecraft:walk_one_cm":11978,"minecraft:sneak_time":2358,"minecraft:drop":2,"minecraft:jump":448,"minecraft:damage_dealt":124,"minecraft:leave_game":1,"minecraft:walk_on_water_one_cm":414,"minecraft:time_since_death":80424,"minecraft:sleep_in_bed":2,"minecraft:climb_one_cm":1369,"minecraft:total_world_time":80424,"minecraft:fly_one_cm":278464,"minecraft:fall_one_cm":2070}},"DataVersion":3337}